Signal,Close,Date
,AAPL,
1,55.537498474121094,2018-10-16
1,55.29750061035156,2018-10-17
1,54.005001068115234,2018-10-18
1,54.82749938964844,2018-10-19
1,55.162498474121094,2018-10-22
1,55.682498931884766,2018-10-23
1,53.772499084472656,2018-10-24
1,54.95000076293945,2018-10-25
1,54.07500076293945,2018-10-26
1,53.060001373291016,2018-10-29
1,53.32500076293945,2018-10-30
1,54.71500015258789,2018-10-31
1,55.55500030517578,2018-11-01
1,51.869998931884766,2018-11-02
1,50.397499084472656,2018-11-05
1,50.942501068115234,2018-11-06
1,52.48749923706055,2018-11-07
1,52.122501373291016,2018-11-08
1,51.11750030517578,2018-11-09
1,48.54249954223633,2018-11-12
1,48.057498931884766,2018-11-13
1,46.70000076293945,2018-11-14
1,47.852500915527344,2018-11-15
1,48.38249969482422,2018-11-16
1,46.46500015258789,2018-11-19
1,44.244998931884766,2018-11-20
1,44.19499969482422,2018-11-21
1,43.0724983215332,2018-11-23
1,43.654998779296875,2018-11-26
1,43.560001373291016,2018-11-27
1,45.23500061035156,2018-11-28
1,44.88750076293945,2018-11-29
1,44.64500045776367,2018-11-30
1,46.20500183105469,2018-12-03
1,44.17250061035156,2018-12-04
1,43.68000030517578,2018-12-06
1,42.122501373291016,2018-12-07
1,42.400001525878906,2018-12-10
1,42.157501220703125,2018-12-11
1,42.275001525878906,2018-12-12
1,42.73749923706055,2018-12-13
1,41.369998931884766,2018-12-14
1,40.98500061035156,2018-12-17
1,41.51750183105469,2018-12-18
1,40.22249984741211,2018-12-19
-1,39.20750045776367,2018-12-20
-1,37.682498931884766,2018-12-21
-1,36.70750045776367,2018-12-24
-1,39.29249954223633,2018-12-26
-1,39.037498474121094,2018-12-27
-1,39.057498931884766,2018-12-28
-1,39.435001373291016,2018-12-31
-1,39.47999954223633,2019-01-02
-1,35.54750061035156,2019-01-03
-1,37.064998626708984,2019-01-04
-1,36.98249816894531,2019-01-07
-1,37.6875,2019-01-08
-1,38.32749938964844,2019-01-09
-1,38.45000076293945,2019-01-10
-1,38.0724983215332,2019-01-11
-1,37.5,2019-01-14
-1,38.26750183105469,2019-01-15
-1,38.73500061035156,2019-01-16
-1,38.96500015258789,2019-01-17
-1,39.20500183105469,2019-01-18
-1,38.32500076293945,2019-01-22
-1,38.47999954223633,2019-01-23
-1,38.17499923706055,2019-01-24
-1,39.439998626708984,2019-01-25
-1,39.07500076293945,2019-01-28
-1,38.66999816894531,2019-01-29
-1,41.3125,2019-01-30
-1,41.61000061035156,2019-01-31
-1,41.630001068115234,2019-02-01
-1,42.8125,2019-02-04
-1,43.54499816894531,2019-02-05
-1,43.560001373291016,2019-02-06
-1,42.73500061035156,2019-02-07
-1,42.602500915527344,2019-02-08
-1,42.35749816894531,2019-02-11
-1,42.72249984741211,2019-02-12
-1,42.54499816894531,2019-02-13
-1,42.70000076293945,2019-02-14
-1,42.60499954223633,2019-02-15
-1,42.73249816894531,2019-02-19
-1,43.00749969482422,2019-02-20
-1,42.76499938964844,2019-02-21
-1,43.24250030517578,2019-02-22
-1,43.557498931884766,2019-02-25
-1,43.58250045776367,2019-02-26
-1,43.717498779296875,2019-02-27
-1,43.287498474121094,2019-02-28
-1,43.74250030517578,2019-03-01
-1,43.962501525878906,2019-03-04
-1,43.88249969482422,2019-03-05
-1,43.630001068115234,2019-03-06
-1,43.125,2019-03-07
-1,43.227500915527344,2019-03-08
-1,44.724998474121094,2019-03-11
-1,45.227500915527344,2019-03-12
-1,45.4275016784668,2019-03-13
-1,45.932498931884766,2019-03-14
-1,46.529998779296875,2019-03-15
-1,47.005001068115234,2019-03-18
-1,46.63249969482422,2019-03-19
-1,47.040000915527344,2019-03-20
-1,48.772499084472656,2019-03-21
-1,47.76250076293945,2019-03-22
-1,47.185001373291016,2019-03-25
-1,46.6974983215332,2019-03-26
-1,47.11750030517578,2019-03-27
-1,47.18000030517578,2019-03-28
-1,47.48749923706055,2019-03-29
-1,47.810001373291016,2019-04-01
-1,48.505001068115234,2019-04-02
-1,48.837501525878906,2019-04-03
-1,48.92250061035156,2019-04-04
-1,49.25,2019-04-05
-1,50.025001525878906,2019-04-08
-1,49.875,2019-04-09
-1,50.154998779296875,2019-04-10
-1,49.73749923706055,2019-04-11
-1,49.717498779296875,2019-04-12
-1,49.807498931884766,2019-04-15
-1,49.8125,2019-04-16
-1,50.782501220703125,2019-04-17
-1,50.96500015258789,2019-04-18
-1,51.13249969482422,2019-04-22
-1,51.869998931884766,2019-04-23
-1,51.790000915527344,2019-04-24
-1,51.31999969482422,2019-04-25
-1,51.07500076293945,2019-04-26
-1,51.15250015258789,2019-04-29
-1,50.16749954223633,2019-04-30
-1,52.630001068115234,2019-05-01
-1,52.287498474121094,2019-05-02
-1,52.9375,2019-05-03
-1,52.119998931884766,2019-05-06
1,50.71500015258789,2019-05-07
1,50.724998474121094,2019-05-08
1,50.18000030517578,2019-05-09
1,49.29499816894531,2019-05-10
1,46.43000030517578,2019-05-13
1,47.165000915527344,2019-05-14
1,47.72999954223633,2019-05-15
1,47.52000045776367,2019-05-16
1,47.25,2019-05-17
1,45.772499084472656,2019-05-20
1,46.650001525878906,2019-05-21
1,45.69499969482422,2019-05-22
1,44.915000915527344,2019-05-23
1,44.74250030517578,2019-05-24
1,44.557498931884766,2019-05-28
1,44.345001220703125,2019-05-29
1,44.57500076293945,2019-05-30
1,43.76750183105469,2019-05-31
1,43.32500076293945,2019-06-03
1,44.90999984741211,2019-06-04
1,45.6349983215332,2019-06-05
1,46.30500030517578,2019-06-06
1,47.537498474121094,2019-06-07
1,48.14500045776367,2019-06-10
1,48.70249938964844,2019-06-11
1,48.54750061035156,2019-06-12
1,48.537498474121094,2019-06-13
1,48.185001373291016,2019-06-14
1,48.47249984741211,2019-06-17
1,49.61249923706055,2019-06-18
1,49.467498779296875,2019-06-19
1,49.8650016784668,2019-06-20
1,49.69499969482422,2019-06-21
1,49.64500045776367,2019-06-24
1,48.89250183105469,2019-06-25
1,49.95000076293945,2019-06-26
1,49.935001373291016,2019-06-27
1,49.47999954223633,2019-06-28
1,50.38750076293945,2019-07-01
1,50.682498931884766,2019-07-02
1,51.102500915527344,2019-07-03
1,51.057498931884766,2019-07-05
1,50.005001068115234,2019-07-08
1,50.310001373291016,2019-07-09
1,50.807498931884766,2019-07-10
1,50.4375,2019-07-11
1,50.82500076293945,2019-07-12
1,51.3025016784668,2019-07-15
1,51.125,2019-07-16
1,50.837501525878906,2019-07-17
1,51.415000915527344,2019-07-18
1,50.647499084472656,2019-07-19
1,51.80500030517578,2019-07-22
1,52.209999084472656,2019-07-23
1,52.16749954223633,2019-07-24
1,51.755001068115234,2019-07-25
1,51.935001373291016,2019-07-26
1,52.41999816894531,2019-07-29
1,52.19499969482422,2019-07-30
1,53.2599983215332,2019-07-31
1,52.10749816894531,2019-08-01
1,51.005001068115234,2019-08-02
1,48.334999084472656,2019-08-05
1,49.25,2019-08-06
1,49.7599983215332,2019-08-07
1,50.85749816894531,2019-08-08
1,50.247501373291016,2019-08-09
1,50.119998931884766,2019-08-12
1,52.24250030517578,2019-08-13
1,50.6875,2019-08-14
1,50.435001373291016,2019-08-15
1,51.625,2019-08-16
1,52.587501525878906,2019-08-19
1,52.59000015258789,2019-08-20
1,53.15999984741211,2019-08-21
1,53.1150016784668,2019-08-22
1,50.65999984741211,2019-08-23
1,51.622501373291016,2019-08-26
1,51.040000915527344,2019-08-27
1,51.38249969482422,2019-08-28
1,52.252498626708984,2019-08-29
1,52.185001373291016,2019-08-30
1,51.42499923706055,2019-09-03
1,52.29750061035156,2019-09-04
1,53.31999969482422,2019-09-05
1,53.314998626708984,2019-09-06
1,53.54249954223633,2019-09-09
1,54.17499923706055,2019-09-10
1,55.897499084472656,2019-09-11
1,55.772499084472656,2019-09-12
1,54.6875,2019-09-13
1,54.974998474121094,2019-09-16
1,55.17499923706055,2019-09-17
1,55.692501068115234,2019-09-18
1,55.2400016784668,2019-09-19
1,54.432498931884766,2019-09-20
1,54.68000030517578,2019-09-23
1,54.41999816894531,2019-09-24
1,55.25749969482422,2019-09-25
1,54.97249984741211,2019-09-26
1,54.70500183105469,2019-09-27
1,55.99250030517578,2019-09-30
1,56.147499084472656,2019-10-01
1,54.7400016784668,2019-10-02
1,55.20500183105469,2019-10-03
1,56.752498626708984,2019-10-04
1,56.76499938964844,2019-10-07
1,56.099998474121094,2019-10-08
1,56.75749969482422,2019-10-09
1,57.522499084472656,2019-10-10
1,59.0525016784668,2019-10-11
1,58.967498779296875,2019-10-14
1,58.83000183105469,2019-10-15
1,58.592498779296875,2019-10-16
1,58.81999969482422,2019-10-17
1,59.102500915527344,2019-10-18
1,60.127498626708984,2019-10-21
1,59.9900016784668,2019-10-22
1,60.79499816894531,2019-10-23
1,60.89500045776367,2019-10-24
1,61.64500045776367,2019-10-25
1,62.26250076293945,2019-10-28
1,60.8224983215332,2019-10-29
1,60.814998626708984,2019-10-30
1,62.189998626708984,2019-10-31
1,63.95500183105469,2019-11-01
1,64.375,2019-11-04
1,64.28250122070312,2019-11-05
1,64.30999755859375,2019-11-06
1,64.85749816894531,2019-11-07
1,65.03500366210938,2019-11-08
1,65.55000305175781,2019-11-11
1,65.48999786376953,2019-11-12
1,66.11750030517578,2019-11-13
1,65.66000366210938,2019-11-14
1,66.44000244140625,2019-11-15
1,66.7750015258789,2019-11-18
1,66.57250213623047,2019-11-19
1,65.79750061035156,2019-11-20
1,65.50250244140625,2019-11-21
1,65.44499969482422,2019-11-22
1,66.59249877929688,2019-11-25
1,66.07250213623047,2019-11-26
1,66.95999908447266,2019-11-27
1,66.8125,2019-11-29
1,66.04000091552734,2019-12-02
1,64.86250305175781,2019-12-03
1,65.43499755859375,2019-12-04
1,66.3949966430664,2019-12-05
1,67.67749786376953,2019-12-06
1,66.7300033569336,2019-12-09
1,67.12000274658203,2019-12-10
1,67.69249725341797,2019-12-11
1,67.86499786376953,2019-12-12
1,68.7874984741211,2019-12-13
1,69.96499633789062,2019-12-16
1,70.10250091552734,2019-12-17
1,69.93499755859375,2019-12-18
1,70.00499725341797,2019-12-19
1,69.86000061035156,2019-12-20
1,71.0,2019-12-23
1,71.06749725341797,2019-12-24
1,72.47750091552734,2019-12-26
1,72.44999694824219,2019-12-27
1,72.87999725341797,2019-12-30
1,73.4124984741211,2019-12-31
1,75.0875015258789,2020-01-02
1,74.35749816894531,2020-01-03
1,74.94999694824219,2020-01-06
1,74.59750366210938,2020-01-07
1,75.79750061035156,2020-01-08
1,77.40750122070312,2020-01-09
1,77.5824966430664,2020-01-10
1,79.23999786376953,2020-01-13
1,78.16999816894531,2020-01-14
1,77.83499908447266,2020-01-15
1,78.80999755859375,2020-01-16
1,79.68250274658203,2020-01-17
1,79.14250183105469,2020-01-21
1,79.42500305175781,2020-01-22
1,79.80750274658203,2020-01-23
1,79.57749938964844,2020-01-24
1,77.23750305175781,2020-01-27
1,79.42250061035156,2020-01-28
1,81.08499908447266,2020-01-29
1,80.96749877929688,2020-01-30
1,77.37750244140625,2020-01-31
1,77.16500091552734,2020-02-03
1,79.7125015258789,2020-02-04
1,80.36250305175781,2020-02-05
1,81.30249786376953,2020-02-06
1,80.00749969482422,2020-02-07
1,80.38749694824219,2020-02-10
1,79.90249633789062,2020-02-11
1,81.80000305175781,2020-02-12
1,81.21749877929688,2020-02-13
1,81.23750305175781,2020-02-14
1,79.75,2020-02-18
1,80.90499877929688,2020-02-19
1,80.07499694824219,2020-02-20
1,78.26249694824219,2020-02-21
1,74.54499816894531,2020-02-24
1,72.0199966430664,2020-02-25
1,73.1624984741211,2020-02-26
1,68.37999725341797,2020-02-27
1,68.33999633789062,2020-02-28
1,74.70249938964844,2020-03-02
1,72.33000183105469,2020-03-03
1,75.68499755859375,2020-03-04
1,73.2300033569336,2020-03-05
1,72.25749969482422,2020-03-06
1,66.5425033569336,2020-03-09
1,71.33499908447266,2020-03-10
1,68.85749816894531,2020-03-11
1,62.057498931884766,2020-03-12
1,69.49250030517578,2020-03-13
1,60.5525016784668,2020-03-16
1,63.21500015258789,2020-03-17
1,61.66749954223633,2020-03-18
1,61.19499969482422,2020-03-19
1,57.310001373291016,2020-03-20
1,56.092498779296875,2020-03-23
1,61.720001220703125,2020-03-24
1,61.380001068115234,2020-03-25
1,64.61000061035156,2020-03-26
1,61.935001373291016,2020-03-27
1,63.70249938964844,2020-03-30
1,63.5724983215332,2020-03-31
1,60.227500915527344,2020-04-01
1,61.23249816894531,2020-04-02
1,60.352500915527344,2020-04-03
1,65.61750030517578,2020-04-06
1,64.85749816894531,2020-04-07
1,66.51750183105469,2020-04-08
1,66.99749755859375,2020-04-09
1,68.3125,2020-04-13
1,71.76249694824219,2020-04-14
1,71.10749816894531,2020-04-15
1,71.67250061035156,2020-04-16
1,70.69999694824219,2020-04-17
1,69.23249816894531,2020-04-20
1,67.09249877929688,2020-04-21
1,69.0250015258789,2020-04-22
1,68.75749969482422,2020-04-23
1,70.74250030517578,2020-04-24
1,70.7925033569336,2020-04-27
1,69.6449966430664,2020-04-28
1,71.93250274658203,2020-04-29
1,73.44999694824219,2020-04-30
1,72.26750183105469,2020-05-01
1,73.29000091552734,2020-05-04
1,74.38999938964844,2020-05-05
1,75.15750122070312,2020-05-06
1,75.93499755859375,2020-05-07
1,77.53250122070312,2020-05-08
1,78.75250244140625,2020-05-11
1,77.85250091552734,2020-05-12
1,76.9124984741211,2020-05-13
1,77.38500213623047,2020-05-14
1,76.92749786376953,2020-05-15
1,78.73999786376953,2020-05-18
1,78.28500366210938,2020-05-19
1,79.80750274658203,2020-05-20
1,79.2125015258789,2020-05-21
1,79.72250366210938,2020-05-22
1,79.18250274658203,2020-05-26
1,79.52749633789062,2020-05-27
1,79.5625,2020-05-28
1,79.48500061035156,2020-05-29
1,80.4625015258789,2020-06-01
1,80.83499908447266,2020-06-02
1,81.27999877929688,2020-06-03
1,80.58000183105469,2020-06-04
1,82.875,2020-06-05
1,83.36499786376953,2020-06-08
1,85.99749755859375,2020-06-09
1,88.20999908447266,2020-06-10
1,83.9749984741211,2020-06-11
1,84.69999694824219,2020-06-12
1,85.74749755859375,2020-06-15
1,88.0199966430664,2020-06-16
1,87.89749908447266,2020-06-17
1,87.93250274658203,2020-06-18
1,87.43000030517578,2020-06-19
1,89.71749877929688,2020-06-22
1,91.63249969482422,2020-06-23
1,90.01499938964844,2020-06-24
1,91.20999908447266,2020-06-25
1,88.40750122070312,2020-06-26
1,90.44499969482422,2020-06-29
1,91.19999694824219,2020-06-30
1,91.02749633789062,2020-07-01
1,91.02749633789062,2020-07-02
1,93.4625015258789,2020-07-06
1,93.17250061035156,2020-07-07
1,95.34249877929688,2020-07-08
1,95.75250244140625,2020-07-09
1,95.91999816894531,2020-07-10
1,95.47750091552734,2020-07-13
1,97.05750274658203,2020-07-14
1,97.7249984741211,2020-07-15
1,96.52249908447266,2020-07-16
1,96.32749938964844,2020-07-17
1,98.35749816894531,2020-07-20
1,97.0,2020-07-21
1,97.27249908447266,2020-07-22
1,92.84500122070312,2020-07-23
1,92.61499786376953,2020-07-24
1,94.80999755859375,2020-07-27
1,93.25250244140625,2020-07-28
1,95.04000091552734,2020-07-29
1,96.19000244140625,2020-07-30
1,106.26000213623047,2020-07-31
1,108.9375,2020-08-03
1,109.66500091552734,2020-08-04
1,110.0625,2020-08-05
1,113.90249633789062,2020-08-06
1,111.11250305175781,2020-08-07
1,112.72750091552734,2020-08-10
1,109.375,2020-08-11
1,113.01000213623047,2020-08-12
1,115.01000213623047,2020-08-13
1,114.90750122070312,2020-08-14
1,114.60749816894531,2020-08-17
1,115.5625,2020-08-18
1,115.7074966430664,2020-08-19
1,118.2750015258789,2020-08-20
1,124.37000274658203,2020-08-21
1,125.85749816894531,2020-08-24
1,124.82499694824219,2020-08-25
1,126.52249908447266,2020-08-26
1,125.01000213623047,2020-08-27
1,124.80750274658203,2020-08-28
1,129.0399932861328,2020-08-31
1,134.17999267578125,2020-09-01
1,131.39999389648438,2020-09-02
1,120.87999725341797,2020-09-03
1,120.95999908447266,2020-09-04
1,112.81999969482422,2020-09-08
1,117.31999969482422,2020-09-09
1,113.48999786376953,2020-09-10
1,112.0,2020-09-11
1,115.36000061035156,2020-09-14
1,115.54000091552734,2020-09-15
1,112.12999725341797,2020-09-16
1,110.33999633789062,2020-09-17
1,106.83999633789062,2020-09-18
1,110.08000183105469,2020-09-21
1,111.80999755859375,2020-09-22
1,107.12000274658203,2020-09-23
1,108.22000122070312,2020-09-24
1,112.27999877929688,2020-09-25
1,114.95999908447266,2020-09-28
1,114.08999633789062,2020-09-29
1,115.80999755859375,2020-09-30
1,116.79000091552734,2020-10-01
1,113.0199966430664,2020-10-02
1,116.5,2020-10-05
1,113.16000366210938,2020-10-06
1,115.08000183105469,2020-10-07
1,114.97000122070312,2020-10-08
1,116.97000122070312,2020-10-09
1,124.4000015258789,2020-10-12
1,121.0999984741211,2020-10-13
1,121.19000244140625,2020-10-14
1,120.70999908447266,2020-10-15
1,119.0199966430664,2020-10-16
1,115.9800033569336,2020-10-19
1,117.51000213623047,2020-10-20
1,116.87000274658203,2020-10-21
1,115.75,2020-10-22
1,115.04000091552734,2020-10-23
1,115.05000305175781,2020-10-26
1,116.5999984741211,2020-10-27
1,111.19999694824219,2020-10-28
1,115.31999969482422,2020-10-29
1,108.86000061035156,2020-10-30
1,108.7699966430664,2020-11-02
1,110.44000244140625,2020-11-03
1,114.94999694824219,2020-11-04
1,119.02999877929688,2020-11-05
1,118.69000244140625,2020-11-06
1,116.31999969482422,2020-11-09
1,115.97000122070312,2020-11-10
1,119.48999786376953,2020-11-11
1,119.20999908447266,2020-11-12
1,119.26000213623047,2020-11-13
1,120.30000305175781,2020-11-16
1,119.38999938964844,2020-11-17
1,118.02999877929688,2020-11-18
1,118.63999938964844,2020-11-19
1,117.33999633789062,2020-11-20
1,113.8499984741211,2020-11-23
1,115.16999816894531,2020-11-24
1,116.02999877929688,2020-11-25
1,116.58999633789062,2020-11-27
1,119.05000305175781,2020-11-30
1,122.72000122070312,2020-12-01
1,123.08000183105469,2020-12-02
1,122.94000244140625,2020-12-03
1,122.25,2020-12-04
1,123.75,2020-12-07
1,124.37999725341797,2020-12-08
1,121.77999877929688,2020-12-09
1,123.23999786376953,2020-12-10
1,122.41000366210938,2020-12-11
1,121.77999877929688,2020-12-14
1,127.87999725341797,2020-12-15
1,127.80999755859375,2020-12-16
1,128.6999969482422,2020-12-17
1,126.66000366210938,2020-12-18
1,128.22999572753906,2020-12-21
1,131.8800048828125,2020-12-22
1,130.9600067138672,2020-12-23
1,131.97000122070312,2020-12-24
1,136.69000244140625,2020-12-28
1,134.8699951171875,2020-12-29
1,133.72000122070312,2020-12-30
1,132.69000244140625,2020-12-31
1,129.41000366210938,2021-01-04
1,131.00999450683594,2021-01-05
1,126.5999984741211,2021-01-06
1,130.9199981689453,2021-01-07
1,132.0500030517578,2021-01-08
1,128.97999572753906,2021-01-11
1,128.8000030517578,2021-01-12
1,130.88999938964844,2021-01-13
1,128.91000366210938,2021-01-14
1,127.13999938964844,2021-01-15
1,127.83000183105469,2021-01-19
1,132.02999877929688,2021-01-20
1,136.8699951171875,2021-01-21
1,139.07000732421875,2021-01-22
1,142.9199981689453,2021-01-25
1,143.16000366210938,2021-01-26
1,142.05999755859375,2021-01-27
1,137.08999633789062,2021-01-28
1,131.9600067138672,2021-01-29
1,134.13999938964844,2021-02-01
1,134.99000549316406,2021-02-02
1,133.94000244140625,2021-02-03
1,137.38999938964844,2021-02-04
1,136.75999450683594,2021-02-05
1,136.91000366210938,2021-02-08
1,136.00999450683594,2021-02-09
1,135.38999938964844,2021-02-10
1,135.1300048828125,2021-02-11
1,135.3699951171875,2021-02-12
1,133.19000244140625,2021-02-16
1,130.83999633789062,2021-02-17
1,129.7100067138672,2021-02-18
1,129.8699951171875,2021-02-19
1,126.0,2021-02-22
1,125.86000061035156,2021-02-23
1,125.3499984741211,2021-02-24
1,120.98999786376953,2021-02-25
1,121.26000213623047,2021-02-26
1,127.79000091552734,2021-03-01
1,125.12000274658203,2021-03-02
1,122.05999755859375,2021-03-03
1,120.12999725341797,2021-03-04
1,121.41999816894531,2021-03-05
1,116.36000061035156,2021-03-08
1,121.08999633789062,2021-03-09
1,119.9800033569336,2021-03-10
1,121.95999908447266,2021-03-11
1,121.02999877929688,2021-03-12
1,123.98999786376953,2021-03-15
1,125.56999969482422,2021-03-16
1,124.76000213623047,2021-03-17
1,120.52999877929688,2021-03-18
1,119.98999786376953,2021-03-19
1,123.38999938964844,2021-03-22
1,122.54000091552734,2021-03-23
1,120.08999633789062,2021-03-24
1,120.58999633789062,2021-03-25
1,121.20999908447266,2021-03-26
1,121.38999938964844,2021-03-29
1,119.9000015258789,2021-03-30
1,122.1500015258789,2021-03-31
1,123.0,2021-04-01
1,125.9000015258789,2021-04-05
1,126.20999908447266,2021-04-06
1,127.9000015258789,2021-04-07
1,130.36000061035156,2021-04-08
1,133.0,2021-04-09
1,131.24000549316406,2021-04-12
1,134.42999267578125,2021-04-13
1,132.02999877929688,2021-04-14
1,134.5,2021-04-15
1,134.16000366210938,2021-04-16
1,134.83999633789062,2021-04-19
1,133.11000061035156,2021-04-20
1,133.5,2021-04-21
1,131.94000244140625,2021-04-22
1,134.32000732421875,2021-04-23
1,134.72000122070312,2021-04-26
1,134.38999938964844,2021-04-27
1,133.5800018310547,2021-04-28
1,133.47999572753906,2021-04-29
1,131.4600067138672,2021-04-30
1,132.5399932861328,2021-05-03
1,127.8499984741211,2021-05-04
1,128.10000610351562,2021-05-05
1,129.74000549316406,2021-05-06
1,130.2100067138672,2021-05-07
1,126.8499984741211,2021-05-10
1,125.91000366210938,2021-05-11
1,122.7699966430664,2021-05-12
1,124.97000122070312,2021-05-13
1,127.44999694824219,2021-05-14
1,126.2699966430664,2021-05-17
1,124.8499984741211,2021-05-18
1,124.69000244140625,2021-05-19
1,127.30999755859375,2021-05-20
1,125.43000030517578,2021-05-21
1,127.0999984741211,2021-05-24
1,126.9000015258789,2021-05-25
1,126.8499984741211,2021-05-26
1,125.27999877929688,2021-05-27
1,124.61000061035156,2021-05-28
1,124.27999877929688,2021-06-01
1,125.05999755859375,2021-06-02
1,123.54000091552734,2021-06-03
1,125.88999938964844,2021-06-04
1,125.9000015258789,2021-06-07
1,126.73999786376953,2021-06-08
1,127.12999725341797,2021-06-09
1,126.11000061035156,2021-06-10
1,127.3499984741211,2021-06-11
1,130.47999572753906,2021-06-14
1,129.63999938964844,2021-06-15
1,130.14999389648438,2021-06-16
1,131.7899932861328,2021-06-17
1,130.4600067138672,2021-06-18
1,132.3000030517578,2021-06-21
1,133.97999572753906,2021-06-22
1,133.6999969482422,2021-06-23
1,133.41000366210938,2021-06-24
1,133.11000061035156,2021-06-25
1,134.77999877929688,2021-06-28
1,136.3300018310547,2021-06-29
1,136.9600067138672,2021-06-30
1,137.27000427246094,2021-07-01
1,139.9600067138672,2021-07-02
1,142.02000427246094,2021-07-06
1,144.57000732421875,2021-07-07
1,143.24000549316406,2021-07-08
1,145.11000061035156,2021-07-09
1,144.5,2021-07-12
1,145.63999938964844,2021-07-13
1,149.14999389648438,2021-07-14
1,148.47999572753906,2021-07-15
1,146.38999938964844,2021-07-16
1,142.4499969482422,2021-07-19
1,146.14999389648438,2021-07-20
1,145.39999389648438,2021-07-21
1,146.8000030517578,2021-07-22
1,148.55999755859375,2021-07-23
1,148.99000549316406,2021-07-26
1,146.77000427246094,2021-07-27
1,144.97999572753906,2021-07-28
1,145.63999938964844,2021-07-29
1,145.86000061035156,2021-07-30
1,145.52000427246094,2021-08-02
1,147.36000061035156,2021-08-03
1,146.9499969482422,2021-08-04
1,147.05999755859375,2021-08-05
1,146.13999938964844,2021-08-06
1,146.08999633789062,2021-08-09
1,145.60000610351562,2021-08-10
1,145.86000061035156,2021-08-11
1,148.88999938964844,2021-08-12
1,149.10000610351562,2021-08-13
1,151.1199951171875,2021-08-16
1,150.19000244140625,2021-08-17
1,146.36000061035156,2021-08-18
1,146.6999969482422,2021-08-19
1,148.19000244140625,2021-08-20
1,149.7100067138672,2021-08-23
1,149.6199951171875,2021-08-24
1,148.36000061035156,2021-08-25
1,147.5399932861328,2021-08-26
1,148.60000610351562,2021-08-27
1,153.1199951171875,2021-08-30
1,151.8300018310547,2021-08-31
1,152.50999450683594,2021-09-01
1,153.64999389648438,2021-09-02
1,154.3000030517578,2021-09-03
1,156.69000244140625,2021-09-07
1,155.11000061035156,2021-09-08
1,154.07000732421875,2021-09-09
1,148.97000122070312,2021-09-10
1,149.5500030517578,2021-09-13
1,148.1199951171875,2021-09-14
1,149.02999877929688,2021-09-15
1,148.7899932861328,2021-09-16
1,146.05999755859375,2021-09-17
1,142.94000244140625,2021-09-20
1,143.42999267578125,2021-09-21
1,145.85000610351562,2021-09-22
1,146.8300018310547,2021-09-23
1,146.9199981689453,2021-09-24
1,145.3699951171875,2021-09-27
1,141.91000366210938,2021-09-28
1,142.8300018310547,2021-09-29
1,141.5,2021-09-30
1,142.64999389648438,2021-10-01
1,139.13999938964844,2021-10-04
1,141.11000061035156,2021-10-05
1,142.0,2021-10-06
1,143.2899932861328,2021-10-07
1,142.89999389648438,2021-10-08
1,142.80999755859375,2021-10-11
1,141.50999450683594,2021-10-12
1,140.91000366210938,2021-10-13
1,143.75999450683594,2021-10-14
1,144.83999633789062,2021-10-15
1,146.5500030517578,2021-10-18
1,148.75999450683594,2021-10-19
1,149.25999450683594,2021-10-20
1,149.47999572753906,2021-10-21
1,148.69000244140625,2021-10-22
1,148.63999938964844,2021-10-25
1,149.32000732421875,2021-10-26
1,148.85000610351562,2021-10-27
1,152.57000732421875,2021-10-28
1,149.8000030517578,2021-10-29
1,148.9600067138672,2021-11-01
1,150.02000427246094,2021-11-02
1,151.49000549316406,2021-11-03
1,150.9600067138672,2021-11-04
1,151.27999877929688,2021-11-05
1,150.44000244140625,2021-11-08
1,150.80999755859375,2021-11-09
1,147.9199981689453,2021-11-10
1,147.8699951171875,2021-11-11
1,149.99000549316406,2021-11-12
1,150.0,2021-11-15
1,151.0,2021-11-16
1,153.49000549316406,2021-11-17
1,157.8699951171875,2021-11-18
1,160.5500030517578,2021-11-19
1,161.02000427246094,2021-11-22
1,161.41000366210938,2021-11-23
1,161.94000244140625,2021-11-24
1,156.80999755859375,2021-11-26
1,160.24000549316406,2021-11-29
1,165.3000030517578,2021-11-30
1,164.77000427246094,2021-12-01
1,163.75999450683594,2021-12-02
1,161.83999633789062,2021-12-03
1,165.32000732421875,2021-12-06
1,171.17999267578125,2021-12-07
1,175.0800018310547,2021-12-08
1,174.55999755859375,2021-12-09
1,179.4499969482422,2021-12-10
1,175.74000549316406,2021-12-13
1,174.3300018310547,2021-12-14
1,179.3000030517578,2021-12-15
1,172.25999450683594,2021-12-16
1,171.13999938964844,2021-12-17
1,169.75,2021-12-20
1,172.99000549316406,2021-12-21
1,175.63999938964844,2021-12-22
1,176.27999877929688,2021-12-23
1,180.3300018310547,2021-12-27
1,179.2899932861328,2021-12-28
1,179.3800048828125,2021-12-29
1,178.1999969482422,2021-12-30
1,177.57000732421875,2021-12-31
1,182.00999450683594,2022-01-03
1,179.6999969482422,2022-01-04
1,174.9199981689453,2022-01-05
1,172.0,2022-01-06
1,172.1699981689453,2022-01-07
1,172.19000244140625,2022-01-10
1,175.0800018310547,2022-01-11
1,175.52999877929688,2022-01-12
1,172.19000244140625,2022-01-13
1,173.07000732421875,2022-01-14
1,169.8000030517578,2022-01-18
1,166.22999572753906,2022-01-19
1,164.50999450683594,2022-01-20
1,162.41000366210938,2022-01-21
1,161.6199951171875,2022-01-24
1,159.77999877929688,2022-01-25
1,159.69000244140625,2022-01-26
1,159.22000122070312,2022-01-27
1,170.3300018310547,2022-01-28
1,174.77999877929688,2022-01-31
1,174.61000061035156,2022-02-01
1,175.83999633789062,2022-02-02
1,172.89999389648438,2022-02-03
1,172.38999938964844,2022-02-04
1,171.66000366210938,2022-02-07
1,174.8300018310547,2022-02-08
1,176.27999877929688,2022-02-09
1,172.1199951171875,2022-02-10
1,168.63999938964844,2022-02-11
1,168.8800048828125,2022-02-14
1,172.7899932861328,2022-02-15
1,172.5500030517578,2022-02-16
1,168.8800048828125,2022-02-17
1,167.3000030517578,2022-02-18
1,164.32000732421875,2022-02-22
1,160.07000732421875,2022-02-23
1,162.74000549316406,2022-02-24
1,164.85000610351562,2022-02-25
1,165.1199951171875,2022-02-28
1,163.1999969482422,2022-03-01
1,166.55999755859375,2022-03-02
1,166.22999572753906,2022-03-03
1,163.1699981689453,2022-03-04
1,159.3000030517578,2022-03-07
1,157.44000244140625,2022-03-08
1,162.9499969482422,2022-03-09
1,158.52000427246094,2022-03-10
1,154.72999572753906,2022-03-11
1,150.6199951171875,2022-03-14
1,155.08999633789062,2022-03-15
1,159.58999633789062,2022-03-16
1,160.6199951171875,2022-03-17
1,163.97999572753906,2022-03-18
1,165.3800048828125,2022-03-21
1,168.82000732421875,2022-03-22
1,170.2100067138672,2022-03-23
1,174.07000732421875,2022-03-24
1,174.72000122070312,2022-03-25
1,175.60000610351562,2022-03-28
1,178.9600067138672,2022-03-29
1,177.77000427246094,2022-03-30
1,174.61000061035156,2022-03-31
1,174.30999755859375,2022-04-01
1,178.44000244140625,2022-04-04
1,175.05999755859375,2022-04-05
1,171.8300018310547,2022-04-06
1,172.13999938964844,2022-04-07
1,170.08999633789062,2022-04-08
1,165.75,2022-04-11
1,167.66000366210938,2022-04-12
1,170.39999389648438,2022-04-13
1,165.2899932861328,2022-04-14
1,165.07000732421875,2022-04-18
1,167.39999389648438,2022-04-19
1,167.22999572753906,2022-04-20
1,166.4199981689453,2022-04-21
1,161.7899932861328,2022-04-22
1,162.8800048828125,2022-04-25
1,156.8000030517578,2022-04-26
1,156.57000732421875,2022-04-27
1,163.63999938964844,2022-04-28
1,157.64999389648438,2022-04-29
1,157.9600067138672,2022-05-02
1,159.47999572753906,2022-05-03
1,166.02000427246094,2022-05-04
1,156.77000427246094,2022-05-05
1,157.27999877929688,2022-05-06
1,152.05999755859375,2022-05-09
1,154.50999450683594,2022-05-10
1,146.5,2022-05-11
1,142.55999755859375,2022-05-12
1,147.11000061035156,2022-05-13
1,145.5399932861328,2022-05-16
1,149.24000549316406,2022-05-17
1,140.82000732421875,2022-05-18
1,137.35000610351562,2022-05-19
1,137.58999633789062,2022-05-20
1,143.11000061035156,2022-05-23
1,140.36000061035156,2022-05-24
1,140.52000427246094,2022-05-25
1,143.77999877929688,2022-05-26
1,149.63999938964844,2022-05-27
1,148.83999633789062,2022-05-31
1,148.7100067138672,2022-06-01
1,151.2100067138672,2022-06-02
-1,145.3800048828125,2022-06-03
-1,146.13999938964844,2022-06-06
-1,148.7100067138672,2022-06-07
-1,147.9600067138672,2022-06-08
-1,142.63999938964844,2022-06-09
-1,137.1300048828125,2022-06-10
-1,131.8800048828125,2022-06-13
-1,132.75999450683594,2022-06-14
-1,135.42999267578125,2022-06-15
-1,130.05999755859375,2022-06-16
-1,131.55999755859375,2022-06-17
-1,135.8699951171875,2022-06-21
-1,135.35000610351562,2022-06-22
-1,138.27000427246094,2022-06-23
-1,141.66000366210938,2022-06-24
-1,141.66000366210938,2022-06-27
-1,137.44000244140625,2022-06-28
-1,139.22999572753906,2022-06-29
-1,136.72000122070312,2022-06-30
-1,138.92999267578125,2022-07-01
-1,141.55999755859375,2022-07-05
-1,142.9199981689453,2022-07-06
-1,146.35000610351562,2022-07-07
-1,147.0399932861328,2022-07-08
-1,144.8699951171875,2022-07-11
-1,145.86000061035156,2022-07-12
-1,145.49000549316406,2022-07-13
-1,148.47000122070312,2022-07-14
-1,150.1699981689453,2022-07-15
-1,147.07000732421875,2022-07-18
-1,151.0,2022-07-19
-1,153.0399932861328,2022-07-20
-1,155.35000610351562,2022-07-21
-1,154.08999633789062,2022-07-22
-1,152.9499969482422,2022-07-25
-1,151.60000610351562,2022-07-26
-1,156.7899932861328,2022-07-27
-1,157.35000610351562,2022-07-28
-1,162.50999450683594,2022-07-29
-1,161.50999450683594,2022-08-01
-1,160.00999450683594,2022-08-02
-1,166.1300048828125,2022-08-03
-1,165.80999755859375,2022-08-04
-1,165.35000610351562,2022-08-05
-1,164.8699951171875,2022-08-08
-1,164.9199981689453,2022-08-09
-1,169.24000549316406,2022-08-10
-1,168.49000549316406,2022-08-11
-1,172.10000610351562,2022-08-12
-1,173.19000244140625,2022-08-15
-1,173.02999877929688,2022-08-16
-1,174.5500030517578,2022-08-17
-1,174.14999389648438,2022-08-18
-1,171.52000427246094,2022-08-19
-1,167.57000732421875,2022-08-22
-1,167.22999572753906,2022-08-23
-1,167.52999877929688,2022-08-24
-1,170.02999877929688,2022-08-25
-1,163.6199951171875,2022-08-26
-1,161.3800048828125,2022-08-29
-1,158.91000366210938,2022-08-30
-1,157.22000122070312,2022-08-31
-1,157.9600067138672,2022-09-01
-1,155.80999755859375,2022-09-02
-1,154.52999877929688,2022-09-06
-1,155.9600067138672,2022-09-07
-1,154.4600067138672,2022-09-08
-1,157.3699951171875,2022-09-09
-1,163.42999267578125,2022-09-12
-1,153.83999633789062,2022-09-13
-1,155.30999755859375,2022-09-14
-1,152.3699951171875,2022-09-15
-1,150.6999969482422,2022-09-16
-1,154.47999572753906,2022-09-19
-1,156.89999389648438,2022-09-20
-1,153.72000122070312,2022-09-21
-1,152.74000549316406,2022-09-22
-1,150.42999267578125,2022-09-23
-1,150.77000427246094,2022-09-26
-1,151.75999450683594,2022-09-27
1,149.83999633789062,2022-09-28
1,142.47999572753906,2022-09-29
-1,138.1999969482422,2022-09-30
-1,142.4499969482422,2022-10-03
-1,146.10000610351562,2022-10-04
-1,146.39999389648438,2022-10-05
-1,145.42999267578125,2022-10-06
-1,140.08999633789062,2022-10-07
-1,140.4199981689453,2022-10-10
-1,138.97999572753906,2022-10-11
-1,138.33999633789062,2022-10-12
-1,142.99000549316406,2022-10-13
-1,138.3800048828125,2022-10-14
-1,142.41000366210938,2022-10-17
-1,143.75,2022-10-18
-1,143.86000061035156,2022-10-19
-1,143.38999938964844,2022-10-20
-1,147.27000427246094,2022-10-21
-1,149.4499969482422,2022-10-24
-1,152.33999633789062,2022-10-25
-1,149.35000610351562,2022-10-26
-1,144.8000030517578,2022-10-27
-1,155.74000549316406,2022-10-28
-1,153.33999633789062,2022-10-31
-1,150.64999389648438,2022-11-01
-1,145.02999877929688,2022-11-02
-1,138.8800048828125,2022-11-03
-1,138.3800048828125,2022-11-04
-1,138.9199981689453,2022-11-07
-1,139.5,2022-11-08
-1,134.8699951171875,2022-11-09
-1,146.8699951171875,2022-11-10
-1,149.6999969482422,2022-11-11
-1,148.27999877929688,2022-11-14
-1,150.0399932861328,2022-11-15
-1,148.7899932861328,2022-11-16
-1,150.72000122070312,2022-11-17
-1,151.2899932861328,2022-11-18
-1,148.00999450683594,2022-11-21
-1,150.17999267578125,2022-11-22
-1,151.07000732421875,2022-11-23
-1,148.11000061035156,2022-11-25
-1,144.22000122070312,2022-11-28
-1,141.1699981689453,2022-11-29
-1,148.02999877929688,2022-11-30
-1,148.30999755859375,2022-12-01
-1,147.80999755859375,2022-12-02
-1,146.6300048828125,2022-12-05
-1,142.91000366210938,2022-12-06
-1,140.94000244140625,2022-12-07
-1,142.64999389648438,2022-12-08
-1,142.16000366210938,2022-12-09
-1,144.49000549316406,2022-12-12
-1,145.47000122070312,2022-12-13
-1,143.2100067138672,2022-12-14
-1,136.5,2022-12-15
-1,134.50999450683594,2022-12-16
-1,132.3699951171875,2022-12-19
-1,132.3000030517578,2022-12-20
-1,135.4499969482422,2022-12-21
-1,132.22999572753906,2022-12-22
-1,131.86000061035156,2022-12-23
-1,130.02999877929688,2022-12-27
-1,126.04000091552734,2022-12-28
-1,129.61000061035156,2022-12-29
-1,129.92999267578125,2022-12-30
-1,125.06999969482422,2023-01-03
-1,126.36000061035156,2023-01-04
-1,125.0199966430664,2023-01-05
-1,129.6199951171875,2023-01-06
-1,130.14999389648438,2023-01-09
-1,130.72999572753906,2023-01-10
-1,133.49000549316406,2023-01-11
-1,133.41000366210938,2023-01-12
-1,134.75999450683594,2023-01-13
-1,135.94000244140625,2023-01-17
-1,135.2100067138672,2023-01-18
-1,135.27000427246094,2023-01-19
-1,137.8699951171875,2023-01-20
-1,141.11000061035156,2023-01-23
-1,142.52999877929688,2023-01-24
-1,141.86000061035156,2023-01-25
-1,143.9600067138672,2023-01-26
-1,145.92999267578125,2023-01-27
-1,143.0,2023-01-30
-1,144.2899932861328,2023-01-31
-1,145.42999267578125,2023-02-01
-1,150.82000732421875,2023-02-02
-1,154.5,2023-02-03
-1,151.72999572753906,2023-02-06
-1,154.64999389648438,2023-02-07
-1,151.9199981689453,2023-02-08
-1,150.8699951171875,2023-02-09
-1,151.00999450683594,2023-02-10
-1,153.85000610351562,2023-02-13
-1,153.1999969482422,2023-02-14
-1,155.3300018310547,2023-02-15
-1,153.7100067138672,2023-02-16
-1,152.5500030517578,2023-02-17
-1,148.47999572753906,2023-02-21
-1,148.91000366210938,2023-02-22
-1,149.39999389648438,2023-02-23
-1,146.7100067138672,2023-02-24
-1,147.9199981689453,2023-02-27
-1,147.41000366210938,2023-02-28
-1,145.30999755859375,2023-03-01
-1,145.91000366210938,2023-03-02
-1,151.02999877929688,2023-03-03
-1,153.8300018310547,2023-03-06
-1,151.60000610351562,2023-03-07
-1,152.8699951171875,2023-03-08
-1,150.58999633789062,2023-03-09
-1,148.5,2023-03-10
-1,150.47000122070312,2023-03-13
-1,152.58999633789062,2023-03-14
-1,152.99000549316406,2023-03-15
-1,155.85000610351562,2023-03-16
-1,155.0,2023-03-17
-1,157.39999389648438,2023-03-20
-1,159.27999877929688,2023-03-21
-1,157.8300018310547,2023-03-22
1,158.92999267578125,2023-03-23
1,160.25,2023-03-24
1,158.27999877929688,2023-03-27
1,157.64999389648438,2023-03-28
1,160.77000427246094,2023-03-29
1,162.36000061035156,2023-03-30
1,164.89999389648438,2023-03-31
1,166.1699981689453,2023-04-03
1,165.6300048828125,2023-04-04
1,163.75999450683594,2023-04-05
1,164.66000366210938,2023-04-06
1,162.02999877929688,2023-04-10
1,160.8000030517578,2023-04-11
1,160.10000610351562,2023-04-12
1,165.55999755859375,2023-04-13
1,165.2100067138672,2023-04-14
1,165.22999572753906,2023-04-17
1,166.47000122070312,2023-04-18
1,167.6300048828125,2023-04-19
1,166.64999389648438,2023-04-20
1,165.02000427246094,2023-04-21
1,165.3300018310547,2023-04-24
1,163.77000427246094,2023-04-25
1,163.75999450683594,2023-04-26
1,168.41000366210938,2023-04-27
1,169.67999267578125,2023-04-28
1,169.58999633789062,2023-05-01
1,168.5399932861328,2023-05-02
1,167.4499969482422,2023-05-03
1,165.7899932861328,2023-05-04
1,173.57000732421875,2023-05-05
1,173.5,2023-05-08
1,171.77000427246094,2023-05-09
1,173.55999755859375,2023-05-10
1,173.75,2023-05-11
1,172.57000732421875,2023-05-12
1,172.07000732421875,2023-05-15
1,172.07000732421875,2023-05-16
1,172.69000244140625,2023-05-17
1,175.0500030517578,2023-05-18
1,175.16000366210938,2023-05-19
1,174.1999969482422,2023-05-22
1,171.55999755859375,2023-05-23
1,171.83999633789062,2023-05-24
1,172.99000549316406,2023-05-25
1,175.42999267578125,2023-05-26
1,177.3000030517578,2023-05-30
1,177.25,2023-05-31
1,180.08999633789062,2023-06-01
1,180.9499969482422,2023-06-02
1,179.5800018310547,2023-06-05
1,179.2100067138672,2023-06-06
1,177.82000732421875,2023-06-07
1,180.57000732421875,2023-06-08
1,180.9600067138672,2023-06-09
1,183.7899932861328,2023-06-12
1,183.30999755859375,2023-06-13
1,183.9499969482422,2023-06-14
1,186.00999450683594,2023-06-15
1,184.9199981689453,2023-06-16
1,185.00999450683594,2023-06-20
1,183.9600067138672,2023-06-21
1,187.0,2023-06-22
1,186.67999267578125,2023-06-23
1,185.27000427246094,2023-06-26
1,188.05999755859375,2023-06-27
1,189.25,2023-06-28
1,189.58999633789062,2023-06-29
1,193.97000122070312,2023-06-30
1,192.4600067138672,2023-07-03
1,191.3300018310547,2023-07-05
1,191.80999755859375,2023-07-06
1,190.67999267578125,2023-07-07
1,188.61000061035156,2023-07-10
1,188.0800018310547,2023-07-11
1,189.77000427246094,2023-07-12
1,190.5399932861328,2023-07-13
1,190.69000244140625,2023-07-14
1,193.99000549316406,2023-07-17
1,193.72999572753906,2023-07-18
1,195.10000610351562,2023-07-19
1,193.1300048828125,2023-07-20
1,191.94000244140625,2023-07-21
1,192.75,2023-07-24
1,193.6199951171875,2023-07-25
1,194.5,2023-07-26
1,193.22000122070312,2023-07-27
1,195.8300018310547,2023-07-28
1,196.4499969482422,2023-07-31
1,195.61000061035156,2023-08-01
1,192.5800018310547,2023-08-02
1,191.1699981689453,2023-08-03
1,181.99000549316406,2023-08-04
1,178.85000610351562,2023-08-07
1,179.8000030517578,2023-08-08
1,178.19000244140625,2023-08-09
1,177.97000122070312,2023-08-10
1,177.7899932861328,2023-08-11
1,179.4600067138672,2023-08-14
1,177.4499969482422,2023-08-15
1,176.57000732421875,2023-08-16
1,174.0,2023-08-17
1,174.49000549316406,2023-08-18
1,175.83999633789062,2023-08-21
1,177.22999572753906,2023-08-22
1,181.1199951171875,2023-08-23
1,176.3800048828125,2023-08-24
1,178.61000061035156,2023-08-25
1,180.19000244140625,2023-08-28
1,184.1199951171875,2023-08-29
1,187.64999389648438,2023-08-30
1,187.8699951171875,2023-08-31
1,189.4600067138672,2023-09-01
1,189.6999969482422,2023-09-05
1,182.91000366210938,2023-09-06
1,177.55999755859375,2023-09-07
1,178.17999267578125,2023-09-08
1,179.36000061035156,2023-09-11
1,176.3000030517578,2023-09-12
1,174.2100067138672,2023-09-13
1,175.74000549316406,2023-09-14
1,175.00999450683594,2023-09-15
1,177.97000122070312,2023-09-18
1,179.07000732421875,2023-09-19
1,175.49000549316406,2023-09-20
1,173.92999267578125,2023-09-21
1,174.7899932861328,2023-09-22
1,176.0800018310547,2023-09-25
1,171.9600067138672,2023-09-26
1,170.42999267578125,2023-09-27
1,170.69000244140625,2023-09-28
1,171.2100067138672,2023-09-29
1,173.75,2023-10-02
1,172.39999389648438,2023-10-03
1,173.66000366210938,2023-10-04
1,174.91000366210938,2023-10-05
1,177.49000549316406,2023-10-06
1,178.99000549316406,2023-10-09
1,178.38999938964844,2023-10-10
1,179.8000030517578,2023-10-11
1,180.7100067138672,2023-10-12
1,178.85000610351562,2023-10-13
1,178.72000122070312,2023-10-16
1,177.14999389648438,2023-10-17
1,175.83999633789062,2023-10-18
1,175.4600067138672,2023-10-19
1,172.8800048828125,2023-10-20
1,173.0,2023-10-23
1,173.44000244140625,2023-10-24
1,171.10000610351562,2023-10-25
1,166.88999938964844,2023-10-26
1,168.22000122070312,2023-10-27
1,170.2899932861328,2023-10-30
1,170.77000427246094,2023-10-31
1,173.97000122070312,2023-11-01
1,177.57000732421875,2023-11-02
1,176.64999389648438,2023-11-03
1,179.22999572753906,2023-11-06
1,181.82000732421875,2023-11-07
1,182.88999938964844,2023-11-08
1,182.41000366210938,2023-11-09
1,186.39999389648438,2023-11-10
1,184.8000030517578,2023-11-13
1,187.44000244140625,2023-11-14
1,188.00999450683594,2023-11-15
1,189.7100067138672,2023-11-16
1,189.69000244140625,2023-11-17
1,191.4499969482422,2023-11-20
1,190.63999938964844,2023-11-21
1,191.30999755859375,2023-11-22
1,189.97000122070312,2023-11-24
1,189.7899932861328,2023-11-27
1,190.39999389648438,2023-11-28
1,189.3699951171875,2023-11-29
1,189.9499969482422,2023-11-30
1,191.24000549316406,2023-12-01
1,189.42999267578125,2023-12-04
1,193.4199981689453,2023-12-05
1,192.32000732421875,2023-12-06
1,194.27000427246094,2023-12-07
1,195.7100067138672,2023-12-08
1,193.17999267578125,2023-12-11
1,194.7100067138672,2023-12-12
1,197.9600067138672,2023-12-13
1,198.11000061035156,2023-12-14
1,197.57000732421875,2023-12-15
1,195.88999938964844,2023-12-18
1,196.94000244140625,2023-12-19
1,194.8300018310547,2023-12-20
1,194.67999267578125,2023-12-21
1,193.60000610351562,2023-12-22
1,193.0500030517578,2023-12-26
1,193.14999389648438,2023-12-27
1,193.5800018310547,2023-12-28
1,192.52999877929688,2023-12-29
1,185.63999938964844,2024-01-02
1,184.25,2024-01-03
1,181.91000366210938,2024-01-04
1,181.17999267578125,2024-01-05
1,185.55999755859375,2024-01-08
1,185.13999938964844,2024-01-09
1,186.19000244140625,2024-01-10
1,185.58999633789062,2024-01-11
1,185.9199981689453,2024-01-12
1,183.6300048828125,2024-01-16
1,182.67999267578125,2024-01-17
1,188.6300048828125,2024-01-18
1,191.55999755859375,2024-01-19
1,193.88999938964844,2024-01-22
1,195.17999267578125,2024-01-23
1,194.5,2024-01-24
1,194.1699981689453,2024-01-25
1,192.4199981689453,2024-01-26
1,191.72999572753906,2024-01-29
1,188.0399932861328,2024-01-30
1,184.39999389648438,2024-01-31
1,186.86000061035156,2024-02-01
1,185.85000610351562,2024-02-02
1,187.67999267578125,2024-02-05
1,189.3000030517578,2024-02-06
1,189.41000366210938,2024-02-07
1,188.32000732421875,2024-02-08
1,188.85000610351562,2024-02-09
1,187.14999389648438,2024-02-12
1,185.0399932861328,2024-02-13
1,184.14999389648438,2024-02-14
1,183.86000061035156,2024-02-15
1,182.30999755859375,2024-02-16
1,181.55999755859375,2024-02-20
1,182.32000732421875,2024-02-21
1,184.3699951171875,2024-02-22
1,182.52000427246094,2024-02-23
1,181.16000366210938,2024-02-26
1,182.6300048828125,2024-02-27
1,181.4199981689453,2024-02-28
1,180.75,2024-02-29
1,179.66000366210938,2024-03-01
1,175.10000610351562,2024-03-04
1,170.1199951171875,2024-03-05
1,169.1199951171875,2024-03-06
1,169.0,2024-03-07
1,170.72999572753906,2024-03-08
1,172.75,2024-03-11
1,173.22999572753906,2024-03-12
-1,171.1300048828125,2024-03-13
-1,173.0,2024-03-14
-1,172.6199951171875,2024-03-15
-1,173.72000122070312,2024-03-18
-1,176.0800018310547,2024-03-19
-1,178.6699981689453,2024-03-20
-1,171.3699951171875,2024-03-21
-1,172.27999877929688,2024-03-22
-1,170.85000610351562,2024-03-25
-1,169.7100067138672,2024-03-26
-1,173.30999755859375,2024-03-27
-1,171.47999572753906,2024-03-28
-1,170.02999877929688,2024-04-01
-1,168.83999633789062,2024-04-02
-1,169.64999389648438,2024-04-03
-1,168.82000732421875,2024-04-04
-1,169.5800018310547,2024-04-05
-1,168.4499969482422,2024-04-08
-1,169.6699981689453,2024-04-09
-1,167.77999877929688,2024-04-10
-1,175.0399932861328,2024-04-11
-1,176.5500030517578,2024-04-12
-1,172.69000244140625,2024-04-15
-1,169.3800048828125,2024-04-16
-1,168.0,2024-04-17
-1,167.0399932861328,2024-04-18
-1,165.0,2024-04-19
-1,165.83999633789062,2024-04-22
-1,166.89999389648438,2024-04-23
-1,169.02000427246094,2024-04-24
-1,169.88999938964844,2024-04-25
-1,169.3000030517578,2024-04-26
-1,173.5,2024-04-29
-1,170.3300018310547,2024-04-30
-1,169.3000030517578,2024-05-01
-1,173.02999877929688,2024-05-02
-1,183.3800048828125,2024-05-03
-1,181.7100067138672,2024-05-06
-1,182.39999389648438,2024-05-07
-1,182.74000549316406,2024-05-08
-1,184.57000732421875,2024-05-09
-1,183.0500030517578,2024-05-10
-1,186.27999877929688,2024-05-13
-1,187.42999267578125,2024-05-14
-1,189.72000122070312,2024-05-15
-1,189.83999633789062,2024-05-16
-1,189.8699951171875,2024-05-17
-1,191.0399932861328,2024-05-20
-1,192.35000610351562,2024-05-21
-1,190.89999389648438,2024-05-22
-1,186.8800048828125,2024-05-23
-1,189.97999572753906,2024-05-24
-1,189.99000549316406,2024-05-28
-1,190.2899932861328,2024-05-29
-1,191.2899932861328,2024-05-30
-1,192.25,2024-05-31
-1,194.02999877929688,2024-06-03
-1,194.35000610351562,2024-06-04
-1,195.8699951171875,2024-06-05
-1,194.47999572753906,2024-06-06
-1,196.88999938964844,2024-06-07
-1,193.1199951171875,2024-06-10
-1,207.14999389648438,2024-06-11
-1,213.07000732421875,2024-06-12
1,214.24000549316406,2024-06-13
1,212.49000549316406,2024-06-14
1,216.6699981689453,2024-06-17
1,214.2899932861328,2024-06-18
1,209.67999267578125,2024-06-20
1,207.49000549316406,2024-06-21
1,208.13999938964844,2024-06-24
1,209.07000732421875,2024-06-25
1,213.25,2024-06-26
1,214.10000610351562,2024-06-27
1,210.6199951171875,2024-06-28
1,216.75,2024-07-01
1,220.27000427246094,2024-07-02
1,221.5500030517578,2024-07-03
1,226.33999633789062,2024-07-05
1,227.82000732421875,2024-07-08
1,228.67999267578125,2024-07-09
1,232.97999572753906,2024-07-10
1,227.57000732421875,2024-07-11
1,230.5399932861328,2024-07-12
1,234.39999389648438,2024-07-15
1,234.82000732421875,2024-07-16
1,228.8800048828125,2024-07-17
1,224.17999267578125,2024-07-18
1,224.30999755859375,2024-07-19
1,223.9600067138672,2024-07-22
1,225.00999450683594,2024-07-23
1,218.5399932861328,2024-07-24
1,217.49000549316406,2024-07-25
1,217.9600067138672,2024-07-26
1,218.24000549316406,2024-07-29
1,218.8000030517578,2024-07-30
1,222.0800018310547,2024-07-31
1,218.36000061035156,2024-08-01
1,219.86000061035156,2024-08-02
1,209.27000427246094,2024-08-05
1,207.22999572753906,2024-08-06
1,209.82000732421875,2024-08-07
1,213.30999755859375,2024-08-08
1,216.24000549316406,2024-08-09
1,217.52999877929688,2024-08-12
1,221.27000427246094,2024-08-13
1,221.72000122070312,2024-08-14
1,224.72000122070312,2024-08-15
1,226.0500030517578,2024-08-16
1,225.88999938964844,2024-08-19
1,226.50999450683594,2024-08-20
1,226.39999389648438,2024-08-21
1,224.52999877929688,2024-08-22
1,226.83999633789062,2024-08-23
1,227.17999267578125,2024-08-26
1,228.02999877929688,2024-08-27
1,226.49000549316406,2024-08-28
1,229.7899932861328,2024-08-29
1,229.0,2024-08-30
1,222.77000427246094,2024-09-03
1,220.85000610351562,2024-09-04
1,222.3800048828125,2024-09-05
1,220.82000732421875,2024-09-06
1,220.91000366210938,2024-09-09
1,220.11000061035156,2024-09-10
1,222.66000366210938,2024-09-11
1,222.77000427246094,2024-09-12
1,222.5,2024-09-13
1,216.32000732421875,2024-09-16
1,216.7899932861328,2024-09-17
1,220.69000244140625,2024-09-18
1,228.8699951171875,2024-09-19
1,228.1999969482422,2024-09-20
1,226.47000122070312,2024-09-23
1,227.3699951171875,2024-09-24
1,226.3699951171875,2024-09-25
1,227.52000427246094,2024-09-26
1,227.7899932861328,2024-09-27
1,233.0,2024-09-30
1,226.2100067138672,2024-10-01
1,226.77999877929688,2024-10-02
1,225.6699981689453,2024-10-03
1,226.8000030517578,2024-10-04
1,221.69000244140625,2024-10-07
1,225.77000427246094,2024-10-08
1,229.5399932861328,2024-10-09
1,229.0399932861328,2024-10-10
1,227.5500030517578,2024-10-11
1,231.3000030517578,2024-10-14
1,233.85000610351562,2024-10-15
1,231.77999877929688,2024-10-16
1,232.14999389648438,2024-10-17
1,235.0,2024-10-18
1,236.47999572753906,2024-10-21
1,235.86000061035156,2024-10-22
1,230.75999450683594,2024-10-23
1,230.57000732421875,2024-10-24
1,231.41000366210938,2024-10-25
1,233.39999389648438,2024-10-28
1,233.6699981689453,2024-10-29
1,230.10000610351562,2024-10-30
1,225.91000366210938,2024-10-31
1,222.91000366210938,2024-11-01
1,222.00999450683594,2024-11-04
1,223.4499969482422,2024-11-05
1,222.72000122070312,2024-11-06
1,227.47999572753906,2024-11-07
1,226.9600067138672,2024-11-08
1,224.22999572753906,2024-11-11
1,224.22999572753906,2024-11-12
1,225.1199951171875,2024-11-13
1,228.22000122070312,2024-11-14
1,225.0,2024-11-15
1,228.02000427246094,2024-11-18
1,228.27999877929688,2024-11-19
1,229.0,2024-11-20
1,228.52000427246094,2024-11-21
1,229.8699951171875,2024-11-22
1,232.8699951171875,2024-11-25
1,235.05999755859375,2024-11-26
1,234.92999267578125,2024-11-27
1,237.3300018310547,2024-11-29
1,239.58999633789062,2024-12-02
1,242.64999389648438,2024-12-03
1,243.00999450683594,2024-12-04
1,243.0399932861328,2024-12-05
1,242.83999633789062,2024-12-06
1,246.75,2024-12-09
1,247.77000427246094,2024-12-10
1,246.49000549316406,2024-12-11
1,247.9600067138672,2024-12-12
1,248.1300048828125,2024-12-13
1,251.0399932861328,2024-12-16
1,253.47999572753906,2024-12-17
1,248.0500030517578,2024-12-18
1,249.7899932861328,2024-12-19
1,254.49000549316406,2024-12-20
1,255.27000427246094,2024-12-23
1,258.20001220703125,2024-12-24
1,259.0199890136719,2024-12-26
1,255.58999633789062,2024-12-27
1,252.1999969482422,2024-12-30
